theta,alpha,beta,gamma,Sleep Stage,Emotion
2.5028230802593537e-10,8.827284416916076e-11,2.0901865513470111e-10,7.86111905748983e-13,NREM,Fear
1.792686548249121e-10,2.616660266109155e-10,1.5400187983818037e-10,7.722787048021733e-13,NREM,Happy
1.749106644004812e-10,1.1433590168598027e-10,1.9087262249255998e-10,7.92863270095783e-13,REM,Neutral
7.629122308307187e-11,9.24797248278585e-11,2.1919117104325054e-10,7.858815998582082e-13,NREM,Fear
2.1233158493241038e-10,1.7102956827249047e-10,1.830062010496646e-10,7.884195713503904e-13,NREM,Neutral
1.4718462119952222e-10,8.824865268718442e-11,1.99650976712702e-10,7.66743416884185e-13,REM,Fear
1.3687601702306623e-10,1.6725283947961662e-10,2.0779472261031354e-10,7.733410959575162e-13,REM,Neutral
2.451980465141622e-10,2.01951827536678e-10,1.6473330529879994e-10,7.663387928469349e-13,NREM,Neutral
3.2627075285535704e-10,1.7577857736671487e-10,1.6456647339307882e-10,7.797789575293215e-13,NREM,Neutral
1.4684806595480202e-10,1.4068589692217534e-10,2.079134079591865e-10,7.772229893998214e-13,REM,Neutral
1.8482242153525656e-10,2.0578907573144227e-10,1.8132089387219787e-10,7.842368632118766e-13,REM,Happy
2.604414740954173e-10,1.488029959141885e-10,1.7269044139523175e-10,7.725652908421597e-13,REM,Neutral
3.5877820775308005e-10,2.2774656130744904e-10,1.4537095343547579e-10,7.72312294416017e-13,NREM,Neutral
2.88170200325183e-10,2.237053256358273e-10,1.6917575627874008e-10,7.745755376737818e-13,NREM,Neutral
7.103666912202962e-11,3.2693591605037825e-10,1.7168479459672498e-10,7.913748505561364e-13,REM,Neutral
2.5024167250503113e-10,1.1421086512701648e-10,1.7248319455732938e-10,7.757920247253597e-13,NREM,Neutral
1.7458567957900235e-10,2.0937575602749278e-10,1.4633520012363e-10,7.712301359255459e-13,NREM,Neutral
3.637629529499595e-10,1.9783715747855924e-10,1.5338690237735836e-10,7.869962753023281e-13,REM,Neutral
3.8628568637938426e-11,2.093788473041793e-10,2.0013927496825634e-10,7.895215571075432e-13,REM,Neutral
1.09354284056017e-10,8.84025703869779e-11,2.2821015507587407e-10,7.812504742176953e-13,REM,Fear
1.7978038356407578e-10,5.7523999833395285e-11,1.6308495716240518e-10,7.781152605729787e-13,REM,Neutral
1.5216974684918806e-10,2.3983803316802237e-10,1.7224644161574943e-10,7.906359198766026e-13,REM,Happy
1.4689470513948058e-10,2.0549809052682188e-10,1.9881526439626232e-10,7.590410824833042e-13,NREM,Happy
1.7990063620237467e-10,2.0148601085613339e-10,1.7126543182621462e-10,7.906698095725509e-13,REM,Neutral
1.7490897690321934e-10,2.887761464331139e-10,1.6229665260277952e-10,7.874844373548399e-13,NREM,Happy
1.0397831359521271e-10,2.9282086252381287e-10,1.5441940160219842e-10,7.8566749253541e-13,REM,Neutral
1.419506543551198e-10,2.706400116564779e-10,1.558451800611033e-10,7.834452866427294e-13,REM,Neutral
2.2785005339291774e-10,8.379854163139327e-11,1.9867411128838398e-10,7.900824690497075e-13,NREM,Fear
2.1291613193568967e-10,1.18094398251831e-10,1.8161088033586182e-10,7.69688530446959e-13,REM,Neutral
2.6028916067211456e-10,1.230304491739218e-10,1.8325115787467528e-10,7.836121348866105e-13,REM,Neutral
2.651150314840004e-10,8.807216223352453e-11,1.634138384194199e-10,7.823177579043658e-13,NREM,Neutral
2.176189782311121e-10,1.409104166306428e-10,1.6229787932216236e-10,7.748496557657963e-13,NREM,Neutral
1.3681762800015274e-10,1.7954367003614755e-10,1.5565593992787147e-10,7.696241594359157e-13,REM,Neutral
2.8323955104027057e-10,1.9760342163203942e-10,1.6084671492311575e-10,7.808500599117276e-13,REM,Neutral
2.978231797848202e-10,1.526427200560181e-10,1.2820795112721715e-10,7.99103878164573e-13,REM,Neutral
3.2597340304178864e-10,2.4001177842265017e-10,1.3732812895532274e-10,7.875217118734248e-13,NREM,Neutral
4.3433245909541207e-10,2.0545036587766122e-10,1.0084730909897989e-10,7.730910766253719e-13,NREM,Neutral
1.8467692008568462e-10,1.4459626760188458e-10,1.815799160549925e-10,7.82657658573533e-13,NREM,Neutral
1.8985539076198176e-10,1.8376854714829208e-10,1.7390915069378224e-10,7.738371769266349e-13,NREM,Neutral
2.179831352829051e-10,8.40037131912443e-11,1.9982223854354824e-10,7.65079405446671e-13,REM,Neutral
1.7476035666734928e-10,3.1814166809723607e-10,1.430297075845143e-10,7.862423666698566e-13,REM,Neutral
1.3661464063279415e-10,2.6236804247745913e-10,1.7156260146105672e-10,7.94770917811628e-13,REM,Neutral
1.8955225115353464e-10,1.4858250083831295e-10,1.4508209105485268e-10,7.800527244367448e-13,NREM,Neutral
2.2226234896238582e-10,1.40572560303308e-10,1.8843654271631567e-10,7.722918666399323e-13,REM,Neutral
1.092879846395111e-10,1.7527882208656923e-10,1.8958678162729923e-10,7.820173349613134e-13,NREM,Neutral
1.0877824753525732e-10,1.1400163690438528e-10,2.0909239674738223e-10,7.831950939005173e-13,NREM,Fear
2.077344189406944e-10,2.361945265105099e-10,1.4526101324981452e-10,7.803800956992413e-13,NREM,Neutral
1.4216222647329303e-10,2.0537206693290908e-10,1.9053773127873847e-10,7.80664846680645e-13,REM,Happy
2.828341236462902e-10,2.0210005999705647e-10,1.7265036824037522e-10,7.843087990604366e-13,NREM,Neutral
3.3855860117518714e-11,2.139782706591064e-10,1.920037414436381e-10,7.733648459386536e-13,NREM,Neutral
1.4184953832762599e-10,1.486768204067193e-10,1.9075682975506922e-10,7.716637935101535e-13,REM,Neutral
2.1795371791156446e-10,2.135772338781282e-10,1.2817020438678283e-10,7.76997041333729e-13,NREM,Neutral
2.27927144044098e-10,8.377978202511986e-11,1.8040804429316494e-10,7.773146116155733e-13,REM,Neutral
2.3975517646818807e-10,1.9724036222840863e-10,1.907883166754685e-10,7.621302534785549e-13,REM,Neutral
2.8271809079840517e-10,1.1833031038399335e-10,1.4662962771969859e-10,7.769421632463858e-13,NREM,Neutral
1.8565468568776057e-10,1.1401362038796911e-10,1.9873454678561967e-10,7.803452248291096e-13,NREM,Neutral
2.0706884533451648e-10,2.8911143701342914e-10,1.7154976225632928e-10,7.822620875649308e-13,REM,Happy
1.7949213123784207e-10,2.2790725695353895e-10,1.7138791982809802e-10,7.794783247097419e-13,NREM,Happy
2.5075519530831515e-10,1.7114168458146998e-10,1.8040202413516852e-10,7.886335797753295e-13,NREM,Neutral
1.4691456151556154e-10,2.663209739828158e-10,1.5430644310149866e-10,7.891828949854798e-13,NREM,Neutral
2.1201795216549104e-10,1.74765781013165e-10,1.7266841661422038e-10,7.840996755966484e-13,NREM,Neutral
2.2284857252465154e-10,1.4907991054801026e-10,1.7249906362012126e-10,7.835858338810099e-13,NREM,Neutral
2.128766915717342e-10,8.821728175487105e-11,2.0089828066796126e-10,7.741725324887855e-13,NREM,Fear
2.1251133709619047e-10,2.5405873979831747e-10,1.9736076757293589e-10,7.736641888800769e-13,NREM,Happy
2.1766024882377662e-10,1.491188003006051e-10,1.8267388438408759e-10,7.885210642173056e-13,NREM,Neutral
7.630065320269176e-11,2.6650367909772634e-10,1.8963058876309947e-10,7.67178749391367e-13,NREM,Neutral
1.4198327602044944e-10,1.7503422745915408e-10,2.0778759785529334e-10,7.81897163135866e-13,NREM,Neutral
1.8523976286033712e-10,2.69995490828601e-10,1.6342765767146315e-10,7.876485723942095e-13,NREM,Happy
3.2650373119877034e-10,2.3217854102907467e-10,1.3630922332801934e-10,7.911324863261054e-13,NREM,Neutral
2.1772721477830423e-10,2.0159279496328367e-10,1.815472107490609e-10,7.855494315781048e-13,NREM,Neutral
3.2057703876861607e-10,1.4103235041623178e-10,1.5547600229189296e-10,7.766521269337984e-13,NREM,Neutral
2.2738351146387863e-10,1.4866733540124482e-10,1.7250932467619818e-10,7.832667346798023e-13,NREM,Neutral
2.5014608881495176e-10,1.4057616190717618e-10,1.3602283589760201e-10,7.811722301184539e-13,REM,Neutral
1.7983883917178347e-10,1.449609147156256e-10,1.9083466004565277e-10,7.821882702356052e-13,NREM,Neutral
1.851318185377853e-10,2.966067295849156e-10,1.5310479284490895e-10,7.805283430016666e-13,NREM,Happy
1.0916792768004955e-10,2.665067010579749e-10,1.5441465194893856e-10,7.7370321559595e-13,REM,Neutral
2.9387392087335903e-10,1.5277904781719772e-10,1.463892844644102e-10,7.724829733671808e-13,REM,Neutral
2.1758365388178215e-10,1.9747997832309362e-10,1.8028647020181552e-10,7.714127405543385e-13,NREM,Neutral
2.1775033329243288e-10,1.7564011468699178e-10,1.7249525078197042e-10,7.768966055820285e-13,REM,Neutral
1.7461263328094543e-10,1.5291294923784558e-10,1.6434526572355872e-10,7.831803635113126e-13,NREM,Neutral
7.123732628044925e-11,2.0108057958124063e-10,2.1622046713387427e-10,7.821175265004815e-13,NREM,Neutral
3.593597179083746e-10,8.756614705272265e-11,1.5445558440653615e-10,7.68716599134964e-13,REM,Neutral
1.7984367494089182e-10,3.0106002802945526e-10,1.1796161914738674e-10,7.785504442822447e-13,REM,Happy
2.8298888794665233e-10,1.6725987276582878e-10,1.5443388062371868e-10,7.965236320891196e-13,REM,Neutral
3.585992046141956e-10,2.2037168273168877e-10,1.6105518996182648e-10,7.683841043126894e-13,REM,Neutral
1.0397574727696856e-10,1.7071809920144715e-10,1.9980610078918875e-10,7.865705921965714e-13,REM,Neutral
2.8312248346451637e-10,2.6300773968094756e-10,1.1009947439631704e-10,7.903457599373463e-13,NREM,Neutral
1.0409643243342951e-10,2.8907443001654744e-10,1.6222195859765114e-10,7.720861397847292e-13,REM,Neutral
2.2296018725702035e-10,2.5807501902726176e-10,1.7825697967111614e-10,7.854142273085945e-13,NREM,Happy
2.076173031217552e-10,2.363615720336602e-10,1.360440502684774e-10,7.718443180554388e-13,NREM,Neutral
1.7989254894433638e-10,2.0922843664748277e-10,1.5542578459453363e-10,7.814352201896128e-13,NREM,Neutral
1.0912330132156642e-10,6.177079709053311e-11,2.1923961077926856e-10,7.914306050061632e-13,NREM,Fear
7.671646829773751e-11,8.793398618883104e-11,2.272786842170656e-10,7.823223680145269e-13,NREM,Fear
1.3716208396216663e-10,2.314523211959188e-10,1.986221796143481e-10,7.775826622717966e-13,REM,Neutral
2.0673477118157686e-10,3.1911611057718323e-10,1.4522564938978218e-10,7.750148637121725e-13,REM,Happy
2.1240238904701957e-10,2.365949202366507e-10,1.6467809026129394e-10,7.747255209720254e-13,REM,Happy
1.7460857315937886e-10,2.358659810827993e-10,1.644414019941583e-10,7.798567789595399e-13,NREM,Happy
2.1814498829596966e-10,1.8364103595127056e-10,1.6426551423662902e-10,7.846134951907069e-13,NREM,Neutral
1.0917588087172251e-10,1.839424958494274e-10,1.9148394668473182e-10,7.871888169452632e-13,NREM,Neutral
1.4706534643556444e-10,8.353383104719429e-11,2.077107979408108e-10,7.730633342226856e-13,REM,Fear
1.74488092434405e-10,2.58495465158806e-10,1.8053269822751803e-10,7.98317219716314e-13,NREM,Happy
1.4249812429286076e-10,2.663196110781881e-10,1.8939872013395492e-10,7.811510009392703e-13,REM,Happy
1.4742784365250442e-10,2.9238597887554266e-10,1.6097647732183178e-10,7.877215273408259e-13,NREM,Neutral
2.9289604129753384e-10,1.491483159185123e-10,1.8258099155307758e-10,7.714966380081035e-13,NREM,Neutral
2.1776915868698506e-10,2.963591258085514e-10,1.5427608424783778e-10,7.699413359792442e-13,REM,Happy
1.7964381980070802e-10,2.968118371659134e-10,1.6335692442873818e-10,7.808456205425892e-13,NREM,Happy
1.743397215094759e-10,1.4487003676559315e-10,1.920051021217964e-10,7.724318419894091e-13,NREM,Neutral
1.4697041953793995e-10,1.4094348527210132e-10,1.9887899472583208e-10,7.683138728894021e-13,NREM,Neutral
1.0908337346545099e-10,9.231466754361188e-11,1.9170160298183247e-10,7.652584301973947e-13,REM,Neutral
1.7937342368224468e-10,2.359331260494098e-10,1.7267113074838616e-10,7.61008827959332e-13,NREM,Happy
1.5221513698315247e-10,1.2247505113948888e-10,1.6468731312305704e-10,7.732620677343487e-13,NREM,Neutral
2.601809792069668e-10,1.7527118819320542e-10,1.5453806227673686e-10,7.800285503009719e-13,NREM,Neutral
2.1247991812573075e-10,2.3608698380560426e-10,1.5544983552401287e-10,7.873631246609763e-13,NREM,Happy
1.4714611834062812e-10,2.0130425138666576e-10,1.6192977199700946e-10,7.652401128320348e-13,NREM,Neutral
2.1249612628440043e-10,2.052178955866156e-10,1.633391915476193e-10,7.870806820143799e-13,REM,Neutral
2.1761084685964895e-10,2.93387475190379e-10,1.4405877318120138e-10,7.924005342269481e-13,NREM,Happy
2.609165807495166e-10,1.2222709588006293e-10,1.8262592568314935e-10,7.740769348874139e-13,NREM,Neutral
1.896328070326788e-10,1.2224403412229108e-10,1.7373553166043036e-10,7.788998721421037e-13,REM,Neutral
2.1761908738013056e-10,1.970875357358872e-10,1.6096617148362969e-10,7.832340053240991e-13,NREM,Neutral
1.4724322730230035e-10,1.4060138153550404e-10,1.8034213760358788e-10,7.841056767612375e-13,REM,Neutral
2.1283793540454195e-10,1.4862955122528454e-10,1.7379459188943807e-10,7.679121278499351e-13,REM,Neutral
2.828172679160506e-10,2.888376841912229e-10,1.4514802827760906e-10,7.904418285582543e-13,NREM,Happy
1.472076522766805e-10,1.2286267351227204e-10,1.7351149009211592e-10,7.891324835683408e-13,REM,Neutral
1.0391768882029348e-10,2.058478697431036e-10,1.9155894207108806e-10,7.684367768228773e-13,NREM,Neutral
2.403285291965208e-10,2.5825737577614635e-10,1.7234780540104484e-10,7.89492123338009e-13,REM,Happy
1.4178368514845178e-10,2.0178697415710117e-10,1.724548921587407e-10,7.83265705171103e-13,NREM,Neutral
1.090919308622756e-10,1.1437085608924344e-10,2.2717890771480278e-10,7.897753582932749e-13,NREM,Neutral
3.261051469781705e-10,1.4490355992139215e-10,1.6342248031558406e-10,7.862324070000806e-13,NREM,Neutral
1.0904973288820081e-10,2.0557875439405718e-10,1.9960781570907484e-10,7.818168618423015e-13,REM,Neutral
2.1770841734183552e-10,1.44941899023824e-10,1.907778290243972e-10,7.72410340563947e-13,REM,Neutral
4.0767577042596757e-10,5.3474927267782254e-11,1.7242048436727086e-10,7.790304537132198e-13,NREM,Neutral
1.0397569064253183e-10,2.0136122762125918e-10,1.816333756903368e-10,7.835799432075035e-13,REM,Neutral
7.145638866699246e-11,1.8329871624883571e-10,1.9168876102893182e-10,7.768536374312129e-13,REM,Neutral
3.1522050604974307e-10,1.4069903135773672e-10,1.7361498624711535e-10,7.836738451984028e-13,NREM,Neutral
2.50598573331625e-10,1.7113473345684282e-10,1.624862409132248e-10,7.865076797676796e-13,REM,Neutral
1.7978643059072724e-10,3.1512792286709565e-10,1.519292026816825e-10,7.765858773244519e-13,NREM,Happy
1.79480421621484e-10,1.9747150594822394e-10,2.0810545684508347e-10,7.856084872900958e-13,NREM,Happy
1.0919280607418783e-10,1.4878610519663875e-10,1.8254416377732662e-10,7.966124827247062e-13,NREM,Neutral
2.1240175874257744e-10,2.8845707722876284e-10,1.7115324268654463e-10,7.949950743178803e-13,NREM,Happy
3.585998690187559e-10,1.1434518245292311e-10,1.2823223323209038e-10,7.728221085229812e-13,NREM,Neutral
3.2572485041871907e-10,2.672095638599865e-10,1.3718470823873062e-10,7.827152802261348e-13,NREM,Happy
1.466564592208246e-10,2.7037314909338936e-10,1.6465124282637148e-10,7.740858020472669e-13,NREM,Happy
3.641755772150768e-10,1.1422606865093203e-10,1.7120159552981858e-10,7.825103745848349e-13,NREM,Neutral
6.613975484397329e-11,2.3247066153816155e-10,1.7254397247149664e-10,7.781779722481048e-13,REM,Neutral
1.1412888842128107e-10,2.0564541675188567e-10,1.8054800543083034e-10,7.770951177023898e-13,NREM,Neutral
7.134761177555837e-11,2.6603375826525115e-10,1.8943463036261655e-10,7.768835765517406e-13,NREM,Neutral
1.37019616274275e-10,1.4082529523086688e-10,2.1720299395566327e-10,7.747284224494702e-13,REM,Neutral
3.3575534923580806e-10,9.173766400607738e-11,1.7356665526354937e-10,7.722079670393982e-13,REM,Neutral
3.2602714103487785e-10,1.1886923981244122e-10,1.4654731601132028e-10,7.656349016115462e-13,REM,Neutral
2.2261828789588688e-10,1.752595682499139e-10,1.6347986218332695e-10,7.915564137071457e-13,NREM,Neutral
1.5211437792668658e-10,2.096110312940445e-10,1.813322335872012e-10,7.70299975884384e-13,REM,Happy
2.0740705102518984e-10,1.7529789011586315e-10,1.7386020793436322e-10,7.873060343050058e-13,NREM,Neutral
2.0245352408717814e-10,2.3612961636717645e-10,1.4624712161365482e-10,7.850008125073974e-13,NREM,Neutral
7.667153505207905e-11,2.103517548651864e-10,1.5430386239558371e-10,7.789385453182688e-13,NREM,Neutral
1.472347878242837e-10,2.3584477372425475e-10,1.621295435906011e-10,7.752166422457574e-13,REM,Neutral
2.1751281731133416e-10,2.8435366212554773e-10,1.337748606416346e-10,7.628183557663154e-13,NREM,Happy
2.1736128413519934e-10,2.927634958315278e-10,1.622686974600632e-10,7.80769697614468e-13,NREM,Happy
2.453014601579533e-10,1.7535922635810568e-10,1.6469612730689239e-10,7.877264397305263e-13,NREM,Neutral
1.4186003332763438e-10,2.055395475588505e-10,1.63453707223472e-10,7.736526600319447e-13,NREM,Neutral
1.8448939208101232e-10,2.1013286056399387e-10,1.9165442396188574e-10,7.946372263193825e-13,NREM,Happy
1.4702901695282018e-10,1.9709541011060968e-10,2.0637761059903783e-10,7.794138214552086e-13,NREM,Happy
1.4663014177053796e-10,2.6637252675690687e-10,1.5430365776252594e-10,7.870284938571578e-13,REM,Neutral
1.7482096696379078e-10,2.0184693210748348e-10,1.7248328172464422e-10,7.99235696304433e-13,REM,Neutral
1.4180671698717075e-10,2.313635308425265e-10,2.0772102146451203e-10,7.707171132666582e-13,NREM,Happy
2.8284766662902065e-10,1.4439561802832528e-10,1.5545298221439836e-10,7.768062369962548e-13,NREM,Neutral
1.4710805510809844e-10,2.0990603834032509e-10,1.8280420693458517e-10,7.850154461346779e-13,REM,Happy
2.5023251517183877e-10,3.1915163731771947e-10,1.4523323048487109e-10,7.736754179212869e-13,REM,Happy
1.0926304851906806e-10,1.7911193126674078e-10,1.9990062562898658e-10,7.753852690628258e-13,NREM,Neutral
2.1304663958349407e-10,8.788752951273364e-11,2.1001366484791392e-10,8.02810525890102e-13,REM,Fear
1.4682516026512366e-10,2.0995614456588792e-10,1.7360670319794458e-10,7.853768530194338e-13,NREM,Happy
1.696146384537627e-10,2.88482091904333e-10,1.529995941503024e-10,7.743879488831956e-13,REM,Neutral
7.153200035010523e-11,1.490528830192453e-10,1.816775506384197e-10,7.767202447777885e-13,NREM,Neutral
2.982539908357313e-10,1.4871394708190404e-10,1.5446983553319083e-10,7.754188856783257e-13,REM,Neutral
2.605861488983999e-10,8.761802027755748e-11,1.9076474646658568e-10,7.792280634582312e-13,REM,Neutral
2.887635331483444e-10,1.4901724705198348e-10,1.5546027672405376e-10,7.787471087178585e-13,NREM,Neutral
1.0909392779612816e-10,2.6637309541427497e-10,1.7227661064754128e-10,7.777186707077069e-13,REM,Neutral
2.5055983169493276e-10,5.361985954752965e-11,1.9968376703102536e-10,7.762246019757289e-13,NREM,Neutral
1.0926458578496054e-10,1.7951267723384801e-10,1.5414983361552195e-10,7.665503577812991e-13,NREM,Neutral
3.795142513954839e-10,1.7927804138015484e-10,1.360207895005503e-10,7.80693273689671e-13,REM,Neutral
2.5020504483464547e-10,1.6735959088400083e-10,2.0919884271196004e-10,7.770994617088895e-13,REM,Neutral
1.798193137330703e-10,1.4037600005893618e-10,2.1681858929018203e-10,7.731093323448865e-13,NREM,Neutral
2.4461838068233674e-10,1.9364114233679087e-10,1.9088460622492708e-10,7.787919723702275e-13,NREM,Neutral
2.1774179808386568e-10,2.320823298478317e-10,1.7034686313421428e-10,7.845466752969829e-13,NREM,Neutral
2.399449716315729e-10,2.80032900201485e-10,1.6895921504693156e-10,7.832638486467618e-13,NREM,Happy
2.0734559718000287e-10,2.057086300289655e-10,1.6461203500303067e-10,7.844889030079869e-13,REM,Neutral
2.83892063679533e-10,6.149782736763387e-11,1.5537017097304087e-10,7.799473745776962e-13,NREM,Neutral
2.2287148376125172e-10,2.3121053216090182e-10,1.5189168989243166e-10,7.602537769954182e-13,NREM,Neutral
2.7295305090524936e-10,3.7615625748027603e-10,1.2484302529897778e-10,7.731546159269471e-13,REM,Happy
2.8806293554112763e-10,1.710892496627662e-10,1.4523997224036518e-10,7.798823938734392e-13,REM,Neutral
2.4516758950221745e-10,2.093782456158956e-10,1.3612832956429663e-10,7.768234722068517e-13,REM,Neutral
1.1421393433932968e-10,2.394664423736239e-10,1.6333997334843043e-10,7.829744209866869e-13,NREM,Neutral
2.1239369114262258e-10,1.1867199704480418e-10,1.8284047318769622e-10,7.72924249119195e-13,REM,Neutral
1.4154888257950878e-10,7.991398799228778e-11,1.9060819708286686e-10,7.841683933765097e-13,NREM,Neutral
3.105456172910315e-10,1.9816640991307043e-10,1.6332952862243938e-10,7.791050466299382e-13,NREM,Neutral
2.5986286047622726e-10,1.7960397958550988e-10,1.2818970378119918e-10,7.959063249769455e-13,REM,Neutral
1.0927158203854249e-10,2.4037125594901323e-10,1.6455462288454766e-10,7.776402044985269e-13,NREM,Neutral
2.5062195907390027e-10,1.7930171463857804e-10,1.5534052388256767e-10,7.745744434322884e-13,NREM,Neutral
2.7777596891335277e-10,2.0171098676727708e-10,1.2703307550535803e-10,7.712835806100447e-13,NREM,Neutral
1.8055674725733435e-10,1.709064700972332e-10,1.88300370071117e-10,7.891066128588854e-13,REM,Neutral
6.619189057861308e-11,2.586615242034777e-10,1.8949460545792315e-10,7.695469191018231e-13,REM,Neutral
1.4225825749805414e-10,2.056654133389692e-10,1.6224689995284936e-10,7.79653153477125e-13,NREM,Neutral
1.7510575141670848e-10,1.7117149064450104e-10,1.9084019566401944e-10,7.750649728619256e-13,REM,Neutral
1.5169721872640263e-10,8.824298087112206e-11,1.7257476058091756e-10,7.872083318685702e-13,NREM,Neutral
2.5513462995092076e-10,6.17790078859299e-11,1.6468313204890203e-10,7.846470225567273e-13,NREM,Neutral
3.3158169141259457e-10,1.223479454731122e-10,1.2804437640674743e-10,7.871197440618269e-13,REM,Neutral
2.603538797661957e-10,2.4039056291794304e-10,1.2824137804841095e-10,7.846794864081625e-13,NREM,Neutral
1.8452238348571744e-10,1.7537915602120979e-10,1.715539015125731e-10,7.730186616201999e-13,NREM,Neutral
1.847795047596253e-10,1.7521425650014135e-10,1.8183295680185496e-10,7.809976972077638e-13,REM,Neutral
2.1757703027028888e-10,2.0574972397838495e-10,1.8188012435962576e-10,7.822422497792287e-13,NREM,Neutral
1.4225754934679388e-10,2.360222943675298e-10,1.8151486985229683e-10,7.869636303686029e-13,NREM,Happy
1.8507282942894447e-10,2.2716089146630844e-10,1.6902902908070135e-10,7.780910255311117e-13,REM,Neutral
1.8528326866291048e-10,1.4500144043314154e-10,1.9872378421932216e-10,7.747713910791218e-13,REM,Neutral
3.4129479585711026e-10,8.826800828375137e-11,1.5428388863503734e-10,7.76545467416393e-13,NREM,Neutral
3.3588442890626195e-11,1.8339955517069124e-10,1.9186073474341908e-10,7.908001657953622e-13,REM,Neutral
1.74874357527025e-10,9.183766720559814e-11,1.7349548778164102e-10,7.80301693322363e-13,REM,Neutral
1.4184033193593407e-10,1.9332655145897378e-10,1.961244864291736e-10,7.777082255180013e-13,NREM,Neutral
3.8693768880768567e-11,2.1402234478603606e-10,2.0111740700109507e-10,7.704594379654428e-13,REM,Neutral
2.0276720575029309e-10,2.13386052938727e-10,1.7348073409238444e-10,7.798029513426543e-13,NREM,Neutral
2.1232640921814383e-10,1.9738645633019527e-10,1.8078176624398115e-10,7.92435652238913e-13,NREM,Neutral
7.139952605074999e-11,1.1824050184919612e-10,2.1916366139244466e-10,7.736073471092228e-13,REM,Neutral
2.605127730027886e-10,1.6709589343512572e-10,1.7934969686023518e-10,7.739538846324307e-13,REM,Neutral
1.4730390929731055e-10,2.0121326136487168e-10,1.8031768668782262e-10,7.732838666277946e-13,REM,Neutral
2.227435262250604e-10,1.7920532111827204e-10,1.6335667669708264e-10,7.790966412440713e-13,REM,Neutral
2.980193723188865e-10,1.1451071558941417e-10,1.9065306181548558e-10,7.84069932207155e-13,NREM,Neutral
2.1759099415128946e-10,2.093433491802996e-10,1.5435303087510616e-10,7.739527736511951e-13,REM,Neutral
1.3668068155621564e-10,3.148653338278213e-10,1.6204610691810907e-10,7.828669065509042e-13,REM,Neutral
3.9590305253916137e-10,2.2782391823924948e-10,1.4512492477827372e-10,7.847904969642553e-13,REM,Neutral
2.1743324447909278e-10,2.5786233407317363e-10,1.428530602287623e-10,7.866898608373819e-13,NREM,Neutral
1.468474233817753e-10,2.6643422065561644e-10,1.6348984049992628e-10,7.725360782381596e-13,REM,Happy
2.5497138762145165e-10,2.799962126187345e-10,1.4180905807188568e-10,7.719864501950052e-13,REM,Happy
2.2278211450830212e-10,1.5285831019102288e-10,1.6465191528055624e-10,7.741887681131085e-13,NREM,Neutral
2.126283373758696e-10,2.665208629433499e-10,1.5555291724532527e-10,7.77826681962372e-13,NREM,Happy
1.7986915777591322e-10,2.3163713047519487e-10,1.8828152813073724e-10,7.881875116190822e-13,NREM,Happy
2.1746632239459678e-10,8.388789996437869e-11,1.82751881277464e-10,7.707053618365761e-13,NREM,Neutral
2.881356832510266e-10,1.1045768821049471e-10,1.909621930670052e-10,7.773411929413757e-13,NREM,Neutral
1.6962812169637847e-10,2.2795828213593668e-10,1.909524878473079e-10,7.856466809025487e-13,REM,Happy
2.221136644059264e-10,2.325931340462491e-10,1.8033489713519576e-10,7.839883071244658e-13,NREM,Happy
7.654098263839344e-11,1.1822124673366918e-10,1.9988558779086323e-10,7.800634371186271e-13,REM,Fear
1.8525271954952328e-10,1.4860690101171896e-10,1.9072261120892628e-10,7.816544389055817e-13,REM,Neutral
3.5877457258737327e-10,2.3633372789104354e-10,1.280676889915327e-10,7.736511372618534e-13,NREM,Neutral
3.1597686413883506e-10,1.7952598898465516e-10,1.2828815904894154e-10,7.762206811854755e-13,REM,Neutral
2.0750040330937143e-10,1.1401889928066351e-10,1.9966780194883302e-10,7.833045917497782e-13,NREM,Neutral
1.364223134758811e-10,2.5832379698769707e-10,1.714517185577963e-10,7.77963959802297e-13,REM,Neutral
2.6057547468756287e-10,1.4443454629230367e-10,1.7140165238785084e-10,7.886131029478459e-13,NREM,Neutral
1.4150478778299883e-10,2.627833426870866e-10,1.5310454720401537e-10,7.789769158063736e-13,NREM,Neutral
2.1797684592412095e-10,1.4441428446885826e-10,1.9080039592298496e-10,7.724918678496027e-13,REM,Neutral
2.0702164419560347e-10,1.976032590162837e-10,1.6338264609932991e-10,7.916795032352799e-13,REM,Neutral
1.5208463788294568e-10,1.1430197363792575e-10,2.1709958949299375e-10,7.77357174246831e-13,NREM,Neutral
1.4689246312730762e-10,2.43777910192504e-10,1.7357286183543375e-10,7.720550369771431e-13,REM,Happy
2.7797015889035573e-10,2.0166687678030519e-10,1.7365915185550638e-10,7.77259532302542e-13,NREM,Neutral
2.49937065699576e-10,1.7926580034007109e-10,1.5529525321382675e-10,7.754431844501447e-13,NREM,Neutral
1.747693094201379e-10,1.4112590924281382e-10,1.7280292560278224e-10,7.669200218982793e-13,NREM,Neutral
1.6919768749349896e-10,2.889573139661637e-10,1.4504471597731228e-10,7.724983960970434e-13,REM,Neutral
1.1432129949679791e-10,1.1824943356118723e-10,1.8161944863507968e-10,7.804392021584304e-13,NREM,Neutral
2.5450461653614417e-10,2.3202716514533686e-10,1.361071715721618e-10,7.778871644233114e-13,REM,Neutral
1.4693472283027634e-10,1.7942672547000098e-10,1.9204939765912952e-10,7.789177683330666e-13,REM,Neutral
2.887101489816341e-10,1.2230144130535246e-10,1.647724272366096e-10,7.889732117092887e-13,NREM,Neutral
1.800089577963352e-10,2.8873349671047147e-10,1.7020162917226959e-10,7.953642642971713e-13,REM,Happy
2.0756755857769504e-10,2.6251741672630666e-10,1.621693490608333e-10,7.91848682295196e-13,REM,Happy
2.448614047232165e-10,3.496773164120787e-10,9.850372635944816e-11,7.839067099903186e-13,NREM,Happy
1.3681242012116076e-10,1.1840033509261455e-10,2.1032879733330427e-10,7.72127865732094e-13,NREM,Fear
1.4684333253782062e-10,3.4948625436857273e-10,1.7027785378721587e-10,7.865229932436355e-13,NREM,Happy
2.454556121364304e-10,2.0146292138736278e-10,1.6360449436427047e-10,7.699539620546329e-13,NREM,Neutral
7.113815647774895e-11,2.05521310679296e-10,1.9973986579962838e-10,7.720492534062359e-13,NREM,Neutral
7.127053190540577e-11,2.400027427715399e-10,1.6456259844132837e-10,7.886585175534956e-13,REM,Neutral
3.6939090187513266e-10,2.3568612203858065e-10,9.966724374267236e-11,7.812377219983557e-13,REM,Neutral
1.470111514713549e-10,2.39915668161407e-10,1.8268239554772649e-10,7.821128026895272e-13,NREM,Happy
1.4189301855685466e-10,1.8338599898548856e-10,2.0089985274097166e-10,7.675387413343099e-13,NREM,Happy
1.4215090982889603e-10,1.223934614130579e-10,1.919122721062968e-10,7.829510052303587e-13,NREM,Neutral
1.0914408172781613e-10,2.13667222277266e-10,1.6456317384350007e-10,7.855038894972527e-13,REM,Neutral
1.696838601978139e-10,1.9783825969033068e-10,1.9075639407012627e-10,7.879053348675865e-13,REM,Neutral
2.1747009528015704e-10,2.8824358905520423e-10,1.715144576832161e-10,7.771119252434639e-13,REM,Happy
1.4222121217924363e-10,1.44509010770719e-10,1.7136971494892955e-10,7.840475625836933e-13,NREM,Neutral
1.84761830409457e-10,2.051042782398893e-10,1.633643441587375e-10,7.779012665661284e-13,NREM,Neutral
2.879602596379834e-10,1.4419991340929918e-10,1.360379697275185e-10,7.779570587758541e-13,NREM,Neutral
1.7914003567960308e-10,1.4480893865067706e-10,1.735398770383504e-10,7.765063324698153e-13,REM,Neutral
1.369759987910013e-10,2.3616548714980164e-10,1.6227153524163568e-10,7.88678392224721e-13,REM,Neutral
1.7995225004496107e-10,2.9274380109719194e-10,1.3516035825163252e-10,7.762168271604334e-13,REM,Happy
3.1638923001869223e-10,2.6281835612061533e-10,1.1786646318342602e-10,7.908923496727685e-13,REM,Neutral
3.209100907653385e-10,2.92985743515896e-10,1.0873216781832389e-10,7.935059310279478e-13,REM,Happy
2.3947963689986886e-10,2.4591205502981173e-10,1.8970514777724662e-10,7.831226760689807e-13,REM,Happy
1.3673291420662162e-10,2.0990195215168138e-10,1.919175402621465e-10,7.867342332482491e-13,REM,Happy
3.2071789653785675e-10,1.4873569156977043e-10,1.5562799105818734e-10,7.909747030488639e-13,NREM,Neutral
4.940389516329602e-10,2.501181576881858e-10,9.858763931915114e-11,7.907938670635476e-13,NREM,Neutral
1.745166560114195e-10,2.919992946650196e-10,1.632004607712188e-10,7.774564988442267e-13,NREM,Happy
1.7992517176931292e-10,2.0126328215556463e-10,1.7123463340027939e-10,7.875994223237169e-13,NREM,Neutral
1.3687195514882449e-10,2.926257565491731e-10,1.541400211053714e-10,7.826012577276461e-13,REM,Neutral
1.093224146619455e-10,2.8890326778258535e-10,1.7012009975019012e-10,7.817629584707623e-13,REM,Neutral
2.0287119848605334e-10,2.2762760208308377e-10,1.803496361501442e-10,7.777796749361763e-13,NREM,Neutral
2.6009321297795237e-10,9.224346424383844e-11,1.5543680215639624e-10,7.673139139113946e-13,REM,Neutral
1.472344434448979e-10,2.3176889374946577e-10,2.0764265868485423e-10,7.783424839950422e-13,REM,Happy
1.5251843619549815e-10,1.835055946345897e-10,1.6468274610934494e-10,7.843448337205966e-13,NREM,Neutral
3.3670591596955604e-10,2.4380848740818744e-10,1.1928787884433415e-10,7.913127368708552e-13,NREM,Neutral
2.1254682636125957e-10,1.4894017637753503e-10,1.9192884502690007e-10,7.762395883891819e-13,REM,Neutral
1.7966296164741516e-10,1.4498947027284764e-10,2.1782639444623787e-10,7.782835633994915e-13,NREM,Neutral
1.3661793777361675e-10,2.277725430181905e-10,1.9851181648434272e-10,7.87948323696659e-13,NREM,Neutral
2.1254822542584187e-10,2.403814354724716e-10,1.453704861386828e-10,7.73793858342513e-13,NREM,Neutral
7.171000575278545e-11,2.7065772589319466e-10,1.5413874267642238e-10,7.738624929348879e-13,REM,Neutral
1.4199617582082734e-10,1.7531214807306074e-10,2.1013815182879486e-10,7.786039122924334e-13,REM,Happy
1.1487596441108563e-10,1.1385972018743342e-10,2.1692811350200972e-10,7.795656798253921e-13,NREM,Fear
2.5048039854522807e-10,2.6622438899375867e-10,1.0996630514314486e-10,7.79020311783846e-13,NREM,Neutral
1.7948502720048968e-10,2.666426076984693e-10,1.2707744529526802e-10,7.666908334255855e-13,NREM,Happy
1.8482973576745143e-10,1.4043763711463028e-10,1.8833652153265675e-10,7.772753429007688e-13,NREM,Neutral
2.5559880949743386e-10,1.4900516113065036e-10,1.82785755458448e-10,7.731852449586626e-13,REM,Neutral
3.2131684635845405e-10,2.134808248939257e-10,1.2806806906953778e-10,7.833143557736367e-13,NREM,Neutral
3.0325024497796067e-10,1.1845250283933156e-10,1.816248571446453e-10,7.73231161227581e-13,NREM,Neutral
3.2061429918361696e-10,3.453689669519134e-10,1.166559309117509e-10,7.832448709334567e-13,NREM,Happy
3.1049911184668307e-10,2.5439601801054555e-10,1.6236159021756783e-10,7.84622591420493e-13,NREM,Neutral
1.4234189312073003e-10,2.625908824000655e-10,1.9882916915315627e-10,7.775861969874653e-13,REM,Happy
2.8808494637706087e-10,2.6692235357166256e-10,1.0994573598894078e-10,7.819163486700293e-13,NREM,Neutral
1.4709059542667208e-10,2.013256934438033e-10,1.8044773214377068e-10,7.72312734401383e-13,REM,Neutral
1.9036507695371514e-10,1.8338636591911224e-10,1.6436364095534242e-10,7.73776844170053e-13,REM,Neutral
2.1802006772644967e-10,6.140394854166094e-11,1.82630369018209e-10,7.700478357745755e-13,REM,Neutral
2.1283288417294003e-10,1.7120714749841407e-10,1.805343993313475e-10,8.013142830307696e-13,NREM,Neutral
1.4184689278766474e-10,2.540703738080575e-10,1.689067543795635e-10,7.860438911743264e-13,NREM,Neutral
3.5340287234434086e-10,1.1421531973221308e-10,1.7244256486632276e-10,7.751153896844248e-13,REM,Neutral
1.902906728417512e-10,2.093048101342773e-10,1.5433288430209412e-10,7.686985204079418e-13,NREM,Neutral
7.654223890315989e-11,1.445753037770755e-10,1.8969261202161348e-10,7.722427190528502e-13,NREM,Neutral
1.8019263026673908e-10,2.3595378069674667e-10,1.72695065758185e-10,7.886341567760547e-13,NREM,Happy
7.823794718929445e-13,1.827667081159824e-10,2.10051479821178e-10,7.882389628636679e-13,REM,Neutral
1.3706505007230287e-10,2.057060548383704e-10,1.5399863176779303e-10,7.795353548275238e-13,NREM,Neutral
2.1239046263388135e-10,8.379557241257303e-11,1.7382440178943918e-10,7.779449348002588e-13,REM,Neutral
2.447399243868186e-10,2.544127422733449e-10,1.8146813409969288e-10,7.850009052250345e-13,NREM,Happy
2.025463176041444e-10,2.850368266764438e-10,1.5425590129563923e-10,7.628203224399034e-13,NREM,Happy
2.124216875129457e-10,1.4477397866297778e-10,1.7365519629426355e-10,7.828114786971794e-13,REM,Neutral
1.1463631356775254e-10,1.8341504921280364e-10,1.3719348894431222e-10,7.770237489536762e-13,REM,Neutral
1.4684705956819768e-10,2.6649351049613673e-10,1.4511770684273938e-10,7.79541923561659e-13,NREM,Neutral
2.2279347583052127e-10,2.3211890663972608e-10,1.5328035091315929e-10,7.832284113687085e-13,NREM,Neutral
2.4504757939862576e-10,2.2798524921343338e-10,1.4515060390110802e-10,7.795833650171492e-13,NREM,Neutral
2.9854631381923524e-10,9.194392089287755e-11,1.555352533268329e-10,7.807539053880284e-13,REM,Neutral
1.7442343293462155e-10,2.0163957801753723e-10,1.6343719429164334e-10,7.764320766536818e-13,NREM,Neutral
3.1529907342735714e-10,2.2809075882213258e-10,1.4519866535829266e-10,7.811530643911631e-13,NREM,Neutral
1.7511845943334672e-10,2.0910751281911227e-10,1.5434650529113594e-10,7.799304863003613e-13,NREM,Neutral
2.1264991802339288e-10,1.4491481868132447e-10,1.5427425858205928e-10,7.906323830355862e-13,REM,Neutral
1.4705700639212807e-10,1.4473832549541495e-10,1.7129475577935962e-10,7.662691984023876e-13,NREM,Neutral
3.8660182972923956e-11,1.1845880769428067e-10,2.450904124698388e-10,7.763405350174749e-13,NREM,Neutral
2.87875795381388e-10,2.318553807636248e-10,1.3481376541422154e-10,7.835690988171722e-13,NREM,Neutral
7.121341823624837e-11,1.22628367674612e-10,2.0125778576867642e-10,7.657640721125605e-13,REM,Neutral
2.1779080290733846e-10,6.119910939015189e-11,1.8260020464259927e-10,7.874891248495498e-13,NREM,Neutral
2.5536253620389113e-10,1.9771242131995807e-10,1.884702971017193e-10,7.927591693085939e-13,REM,Neutral
1.8024978259354923e-10,3.2301434766810144e-10,1.3507044433691227e-10,7.793158726804887e-13,NREM,Happy
3.3116558280533793e-10,1.3640554873054318e-10,1.5310904860521408e-10,7.79444889188262e-13,REM,Neutral
2.1776369908238463e-10,2.3198423077830976e-10,1.4511137823779818e-10,7.88135581915367e-13,NREM,Neutral
3.3170032134190764e-10,1.1410732394532944e-10,1.5455713752937572e-10,7.912151147989309e-13,NREM,Neutral
2.4991118007772034e-10,2.3616485234504813e-10,1.3724066601294527e-10,7.928789171377029e-13,REM,Neutral
2.5025836426026905e-10,2.098277789145492e-10,1.5568102856350436e-10,7.868982246432021e-13,NREM,Neutral
2.1293795190440248e-10,1.4461558057595707e-10,1.9961631563001403e-10,7.763462198926748e-13,REM,Neutral
1.040439736326309e-10,2.3191184821908983e-10,1.8956974512752119e-10,7.759636581119836e-13,NREM,Neutral
1.3740413962611656e-10,5.7420631781987926e-11,2.180381716556548e-10,7.753636509042379e-13,REM,Fear
7.110701308907607e-11,2.660327215232522e-10,1.5390611519619248e-10,7.671281974577398e-13,NREM,Neutral
3.9682085625198176e-10,5.768578318406389e-11,1.5547331258879078e-10,7.784379798816056e-13,REM,Neutral
2.0735498535201215e-10,2.0165317382619088e-10,1.8281950718199799e-10,7.819743638970077e-13,NREM,Neutral
1.4196733904685714e-10,8.383195439220903e-11,2.0898132306064617e-10,7.733364901312119e-13,NREM,Fear
1.8000706526596567e-10,2.0116885219642807e-10,1.7020715207147558e-10,7.839813994599462e-13,NREM,Neutral
1.4211710565805803e-10,1.7544118678658082e-10,1.815617867966475e-10,7.806208499417393e-13,NREM,Neutral
2.1754993162723478e-10,1.7904541906461903e-10,1.5549124764325452e-10,7.887980104002996e-13,NREM,Neutral
2.610552183469297e-10,1.2240738797325848e-10,1.8298155683402206e-10,7.869309272605493e-13,REM,Neutral
2.554723545199672e-10,1.4870456727496843e-10,1.7246418033161278e-10,7.73515605684858e-13,NREM,Neutral
1.094749853131475e-10,2.3183671128685708e-10,1.7942004040557974e-10,7.875641216395779e-13,NREM,Neutral
1.0915485684964011e-10,1.1834058727793187e-10,2.0903929048213812e-10,7.740425659010474e-13,NREM,Fear
1.856621853743117e-10,2.0881925511079839e-10,1.6341358795696167e-10,7.808650457621256e-13,NREM,Neutral
3.589326765754576e-10,1.7536015544567638e-10,1.0086792318327128e-10,7.680006131887695e-13,REM,Neutral
1.4201293875548343e-10,3.196089044720748e-10,1.7144989150940358e-10,7.857533282945734e-13,NREM,Neutral
1.1423129322215673e-10,2.0569407873362936e-10,1.8051313362876694e-10,7.727649557471409e-13,REM,Neutral
1.3696618620885776e-10,1.1013071103129678e-10,1.8969566856737526e-10,7.991120158140455e-13,REM,Neutral
1.0919083378557315e-10,2.8907833207853304e-10,1.79143962611268e-10,7.726788664719959e-13,REM,Neutral
2.0741435593010318e-10,8.813267483171924e-11,1.9192889993470858e-10,7.78717843909335e-13,NREM,Neutral
1.745308423043387e-10,2.6595926591272217e-10,1.8155870888213275e-10,7.743590201602953e-13,NREM,Happy
1.8004712442127942e-10,2.7101196680801234e-10,1.646642067997855e-10,7.82652443209146e-13,REM,Happy
1.7474961902507462e-10,1.7527538268504922e-10,1.3619727801881283e-10,7.890307509147349e-13,REM,Neutral
1.4165037600831658e-10,3.2754464637234144e-10,1.2809779828041566e-10,7.861728993546738e-13,NREM,Neutral
2.1746591852546432e-10,2.0134895678203343e-10,1.7254879123517814e-10,7.743541850501645e-13,REM,Neutral
2.8326299470473205e-10,2.2815903362308837e-10,1.3471096271161512e-10,7.729095265781892e-13,NREM,Neutral
2.455394093453784e-10,1.9386130010341272e-10,1.8952471922464142e-10,7.809689931214544e-13,NREM,Neutral
2.0660279506166808e-10,2.2800358054357366e-10,1.634053256643378e-10,7.760423269966082e-13,NREM,Neutral
1.7947647917754194e-10,3.3175583073891836e-10,1.5536938866915868e-10,7.755330571140499e-13,NREM,Happy
2.0730583779324183e-10,2.663266683453785e-10,1.373223595173702e-10,7.790185594905687e-13,REM,Happy
2.9328981932331187e-10,8.799550592917456e-11,1.644954961156562e-10,7.759893296332674e-13,NREM,Neutral
1.4712463337454982e-10,2.6620098206486764e-10,1.361098931148417e-10,7.888367449845315e-13,REM,Neutral
1.7932039197048359e-10,2.6242067507760155e-10,1.6360761909104766e-10,7.893712320733327e-13,NREM,Happy
2.124853987518559e-10,2.3189104033020646e-10,1.624020863864087e-10,7.811237449214242e-13,NREM,Neutral
2.499449961823184e-10,1.4880568773137927e-10,1.644589924334741e-10,7.826645159659305e-13,NREM,Neutral
2.0745200814538957e-10,2.326415856618625e-10,1.6478600341785156e-10,7.84050270895896e-13,NREM,Happy
1.796875375209297e-10,1.7522301096766934e-10,1.5436644533931475e-10,7.752290709020688e-13,NREM,Neutral
2.2728290551186834e-10,1.4409541094930949e-10,1.71325920310521e-10,7.90944031721495e-13,REM,Neutral
1.1445528868159759e-10,1.4468743441940148e-10,1.8955499364662088e-10,7.723176784450804e-13,REM,Neutral
7.663377405061295e-11,1.7891295665961748e-10,1.8149503517981384e-10,7.73331440650332e-13,NREM,Neutral
2.2270020507840558e-10,3.055459986254494e-10,9.204833877641052e-11,7.84673334153443e-13,NREM,Happy
2.5065190739268834e-10,2.3207254903216137e-10,1.6351631853449395e-10,7.827385627851735e-13,NREM,Happy
7.627473651485679e-11,9.186086114667805e-11,1.83004319483316e-10,7.889774121962892e-13,NREM,Neutral
3.9191791780344217e-10,1.495349102679038e-10,1.281204399231444e-10,7.823751978898522e-13,REM,Neutral
2.1281403727278502e-10,2.808327117059855e-10,1.7815533480041182e-10,7.941183081395925e-13,NREM,Happy
2.8787261183028357e-10,1.7072160538484347e-10,1.6322472089812502e-10,7.792146494372214e-13,REM,Neutral
1.7470538425930156e-10,1.1856397273996527e-10,1.917052483160524e-10,8.057927406352323e-13,NREM,Neutral
2.074056965809704e-10,3.1100159066890287e-10,1.7809806747111179e-10,7.652676305547705e-13,REM,Happy
1.4212292218386707e-10,1.1013669734194167e-10,2.0796928530907787e-10,7.906031930785112e-13,REM,Fear
1.0924737390354948e-10,2.969494684125534e-10,1.7225120813596156e-10,7.813213034912285e-13,NREM,Neutral
2.2298910438336303e-10,2.357042947903042e-10,1.4527580187119938e-10,7.731973555757915e-13,REM,Happy
2.1235894433602257e-10,1.6750301651094915e-10,1.9973484796532862e-10,7.865894462471631e-13,NREM,Neutral
2.171519778919645e-10,3.2769946298319823e-10,1.3726302458269778e-10,7.95976653756466e-13,REM,Happy
2.1716420768998155e-10,1.9752134555617078e-10,1.7108767686810726e-10,7.929683127032399e-13,NREM,Neutral
3.1044000571702547e-10,1.4043361199124498e-10,1.4409611972283836e-10,7.905422193533272e-13,NREM,Neutral
1.4679515675549923e-10,9.192672615827691e-11,1.7370000327237474e-10,7.850091076234401e-13,REM,Neutral
1.4197487145220638e-10,1.794552737441511e-10,1.7342404729666995e-10,7.778286718255112e-13,REM,Neutral
1.8506080056486978e-10,9.22910639826903e-11,1.9181114467563357e-10,7.874877134178859e-13,REM,Fear
1.472216057340671e-10,2.052925540911211e-10,1.8973071604767967e-10,7.73219580148618e-13,NREM,Happy
2.1772825475799463e-10,2.0178100250696638e-10,1.8180913110673728e-10,7.818570771166037e-13,NREM,Neutral
2.881829293452834e-10,1.972724801623137e-10,1.428617686755004e-10,7.844316851069063e-13,NREM,Neutral
1.1447310588291675e-10,1.7509403680350488e-10,1.8972571341637824e-10,7.920580763859065e-13,REM,Neutral
2.880329125808965e-10,1.9769953967854559e-10,1.6234669812799308e-10,7.796606513321995e-13,NREM,Neutral
2.8279887134637027e-10,3.4895271666001445e-10,1.2564422971252167e-10,7.755071577309983e-13,NREM,Happy
1.801841995814541e-10,1.1470478147988832e-10,1.90473412793584e-10,7.826746988616579e-13,NREM,Neutral
2.45502834890527e-10,1.405084642485815e-10,1.806790090052912e-10,7.797182155231646e-13,NREM,Neutral
7.124790984818874e-11,2.3138778811294927e-10,1.8961766796826792e-10,7.814698667515887e-13,NREM,Neutral
2.1810218599242663e-10,2.3209929671438279e-10,1.6330487856217312e-10,7.880808354683859e-13,NREM,Happy
2.984864197180233e-10,2.925837866231301e-10,1.3390529450878291e-10,7.78862467350134e-13,REM,Happy
2.5062329817373873e-10,2.3626051334558624e-10,1.3493476000897918e-10,7.814014143403735e-13,NREM,Neutral
2.1736688847553888e-10,1.9735819650375824e-10,1.71532480339245e-10,7.902775153524145e-13,NREM,Neutral
2.1274628178077287e-10,2.6257564094163656e-10,1.4527037247054576e-10,7.899136120845872e-13,NREM,Happy
2.3972554955769405e-10,2.5851210614135827e-10,1.6334672698981864e-10,7.733353664477628e-13,NREM,Happy
1.0920772808064454e-10,9.215370572663238e-11,1.919896728507956e-10,7.708574597738945e-13,NREM,Neutral
1.8952297458501967e-10,1.2220829831471707e-10,1.7361103542096255e-10,7.756132344728314e-13,NREM,Neutral
1.0400848864731411e-10,2.7044440210046925e-10,1.633103246723028e-10,7.81311309145718e-13,REM,Neutral
1.748168048728925e-10,2.014682184381212e-10,1.9063457527106282e-10,7.842053254229568e-13,NREM,Neutral
3.2133568561211945e-10,2.1001597999225963e-10,1.19047266683414e-10,7.747658454143065e-13,REM,Neutral
1.4698775160292055e-10,1.4451077104603592e-10,2.0030345482384546e-10,7.787583416892741e-13,NREM,Neutral
2.937341116135231e-10,3.188753798158819e-10,1.1668978417502919e-10,7.765996883029778e-13,REM,Happy
2.65393290247141e-10,2.0476696238436038e-10,1.6223663244776747e-10,7.902771893136731e-13,REM,Neutral
2.1171672099754886e-10,2.2776367981203737e-10,1.724086956343561e-10,7.906388344446241e-13,REM,Happy
2.7324897981018027e-10,2.5835945334808705e-10,1.3735993147248758e-10,7.747162107504786e-13,NREM,Neutral
1.4696175547544216e-10,1.1856875195930927e-10,2.1908450604534957e-10,7.841552575890753e-13,REM,Neutral
1.4755025310747928e-10,2.6225598076366194e-10,1.7004983886951269e-10,7.762052090848386e-13,REM,Neutral
1.8475834749862127e-10,2.1976220228673915e-10,1.9498509120565303e-10,7.883047608184782e-13,NREM,Happy
7.664939078896693e-13,2.0527782654606415e-10,2.0752175365605708e-10,7.847925111714659e-13,NREM,Neutral
1.0920482091895595e-10,7.857642758106131e-13,2.2836512602650116e-10,7.705109086290499e-13,REM,Fear
1.3668036535848075e-10,1.7100696498335874e-10,1.8164451254616086e-10,7.880915412890858e-13,REM,Neutral
1.7481966308194014e-10,2.58517202382072e-10,1.7117578017153466e-10,7.729374745939934e-13,NREM,Happy
2.177237812142593e-10,2.3169577310523963e-10,1.8052137592262036e-10,7.839765853062073e-13,REM,Happy
1.7480364463240154e-10,1.4102814695082768e-10,2.1706479316676428e-10,7.997640216975985e-13,NREM,Neutral
2.77626092376619e-10,4.0696692470445436e-10,1.178534958128611e-10,7.741463956557446e-13,NREM,Happy
2.6044764909213137e-10,8.771960981489647e-11,1.558226824423053e-10,7.723597612542474e-13,NREM,Neutral
3.270105902441543e-10,1.3658214773536032e-10,1.623823615462948e-10,7.802429975629046e-13,NREM,Neutral
1.8466971527988787e-10,1.1848864475219784e-10,2.0127115809774835e-10,7.763042488991297e-13,REM,Neutral
1.9695164472352084e-10,1.6313369384323158e-10,2.0867257753563015e-10,7.864102751912883e-13,NREM,Neutral
2.4946206751477747e-10,3.0689346477788106e-10,1.5964842993403327e-10,7.842688081108806e-13,NREM,Happy
1.0435913182950271e-10,1.1413348398490962e-10,2.1718449590380642e-10,7.721004244177613e-13,NREM,Fear
1.7950736077055848e-10,1.8392308074038056e-10,1.7377559329750432e-10,7.889409898938569e-13,NREM,Neutral
2.1218837876386296e-10,2.016226886816963e-10,1.7375177780533762e-10,7.901586496225027e-13,NREM,Neutral
2.833687588039797e-10,1.4434856952985475e-10,1.5417462530449676e-10,7.842540534762492e-13,REM,Neutral
1.8020499005808786e-10,1.2246643534182242e-10,1.7372838934801556e-10,7.823395953747879e-13,NREM,Neutral
1.3691671185522074e-10,2.3659067899145697e-10,1.1906580907061784e-10,7.759260039648411e-13,NREM,Neutral
1.0376710443406564e-10,1.4466598457055396e-10,2.0009249472730846e-10,7.77641304247365e-13,REM,Neutral
1.8001009312534736e-10,1.70856032317635e-10,1.9896140662932547e-10,7.864329665129496e-13,NREM,Neutral
2.125716631895186e-10,5.763733408098835e-11,1.91930067261794e-10,7.774819602826876e-13,NREM,Neutral
1.6986590888712127e-10,3.2299799842990837e-10,1.4404900447109958e-10,7.73401945562354e-13,REM,Neutral
1.0950419951054439e-10,2.0981776637774836e-10,1.7279366035636688e-10,7.764510841773153e-13,NREM,Neutral
1.4161093736011567e-10,1.0989686243899508e-10,2.086266227703973e-10,7.715686978648507e-13,REM,Fear
1.0893270640078863e-10,1.6674111168608158e-10,1.9714235827621107e-10,7.8567145421741e-13,NREM,Neutral
2.124460562985976e-10,2.8906185651066757e-10,1.5313467334680301e-10,7.813045361164561e-13,REM,Happy
1.848840023735903e-10,2.3642298650517125e-10,1.5424816792148542e-10,7.701267390172265e-13,NREM,Happy
1.4155413595001374e-10,2.973139462430427e-10,1.464820882538341e-10,7.739524362722241e-13,NREM,Neutral
2.880031652892197e-10,1.6760332734521363e-10,1.818488501409693e-10,7.804168672372617e-13,NREM,Neutral
2.181642385112256e-10,2.3185529350195424e-10,1.8062138753904902e-10,7.871350997027305e-13,NREM,Happy
9.909637512190284e-11,2.9662357398832115e-10,1.5547530637172768e-10,7.763844260603925e-13,NREM,Neutral
7.132731713050338e-11,1.7481824620134507e-10,1.7137958435790686e-10,7.841542042626673e-13,NREM,Neutral
1.4147675788668938e-10,2.3169595716045654e-10,1.6218777011182182e-10,7.985154812854805e-13,REM,Neutral
2.9743006474568757e-10,1.7884557259020579e-10,1.3747186679353268e-10,7.850230537639066e-13,NREM,Neutral
2.5019609001595205e-10,1.1468249987297257e-10,2.0986338501382691e-10,7.932000904648925e-13,NREM,Fear
1.0937279647709739e-10,2.3233060845097807e-10,2.0668217771025774e-10,7.850690738350196e-13,REM,Neutral
2.2772120479556446e-10,2.099099433783562e-10,1.452635499937096e-10,7.879421715470781e-13,REM,Neutral
1.7506120087883743e-10,1.4037608196851992e-10,1.9875359519744548e-10,7.979598486239253e-13,REM,Neutral
2.783176409238401e-10,2.0565005387596763e-10,1.4535959598542449e-10,7.689865048521674e-13,REM,Neutral
2.776157276871365e-10,1.6656083444479946e-10,1.6349954860338119e-10,7.736422400719539e-13,NREM,Neutral
1.4206292220090122e-10,2.3621838912626406e-10,1.829298266601272e-10,7.751131020966248e-13,REM,Happy
2.1231614296299538e-10,1.711876220058953e-10,1.9051538404452062e-10,7.73323091048243e-13,NREM,Neutral
1.4717585584382798e-10,9.25558083598793e-11,1.8274769169565771e-10,7.840400000614383e-13,NREM,Neutral
2.88630555197026e-10,2.0569415014676143e-10,1.3633616534444064e-10,7.767339633982945e-13,NREM,Neutral
2.1244444662154376e-10,2.358136255182286e-10,1.5415349312239662e-10,7.92475392098062e-13,REM,Neutral
1.0922523398971478e-10,1.7506762518071801e-10,1.8169918127226827e-10,7.817464575052137e-13,NREM,Neutral
3.543123461326244e-10,1.101561349686006e-10,1.531895786171662e-10,7.543248569973325e-13,NREM,Neutral
3.3062827871263406e-10,1.7932951273046414e-10,1.5557327444360432e-10,7.735489938246576e-13,REM,Neutral
2.0698704419876894e-10,2.621623584696941e-10,1.7351825926417755e-10,7.759649043672216e-13,REM,Happy
1.0904694469101975e-10,2.0159005970667308e-10,1.794637196342044e-10,7.899322731420684e-13,REM,Neutral
1.7920117235857798e-10,2.3573788039447403e-10,1.736711125108883e-10,7.865457068522983e-13,NREM,Happy
3.2655937372600875e-10,3.2750877058642245e-10,1.1788424908805728e-10,7.773933187545047e-13,NREM,Happy
1.692102456763552e-10,1.6728702386794244e-10,1.9210871360487988e-10,7.864836262226189e-13,NREM,Neutral
1.7455206618621715e-10,2.0609912190884055e-10,1.7361644184091308e-10,7.851851180982532e-13,NREM,Neutral
1.0901934222513668e-10,2.3968357222209377e-10,1.6356699863025444e-10,7.829954223490458e-13,NREM,Neutral
1.088342882036192e-10,1.4904279474115714e-10,1.8254304233463792e-10,7.68488860644786e-13,NREM,Neutral
1.4209238333227443e-10,1.4074314658132743e-10,2.086949513537725e-10,7.607960587361948e-13,REM,Neutral
7.936984221033027e-13,2.362348330739281e-10,1.8937789531912354e-10,7.797121583505919e-13,NREM,Neutral
2.8786757053322615e-10,2.9674159910873124e-10,1.3721965659776256e-10,7.846735007178778e-13,NREM,Happy
2.880477143294014e-10,8.813117034546936e-11,1.8278615047585817e-10,7.712053170453201e-13,REM,Neutral
2.1217783522643168e-10,2.6600298439195253e-10,1.2724323532442872e-10,7.974864134489295e-13,NREM,Neutral
1.521441348541085e-10,1.7529495055537408e-10,1.985667183283433e-10,7.783238540419535e-13,NREM,Neutral
2.1786612706075087e-10,8.799763053010991e-11,2.01246709400872e-10,7.645661889073275e-13,NREM,Fear
2.884325718677397e-10,1.7932204449584928e-10,1.3709806782036048e-10,7.753468154001827e-13,NREM,Neutral
2.2254624291059995e-10,1.1438971316173524e-10,1.7138113646284448e-10,7.762994025188513e-13,NREM,Neutral
1.0393025266418518e-10,2.586587572048348e-10,1.8944982359626798e-10,7.746330867856015e-13,REM,Neutral
2.1747955312779935e-10,2.3178430391762008e-10,1.725948658368796e-10,7.809958715414504e-13,REM,Happy
